{"cameraMode":{"drawMode":0,"name":"Shaded","section":"Shading Mode"},"sceneLighting":true,"audioPlay":false,"sceneViewState":{"m_AlwaysRefresh":false,"showFog":true,"showSkybox":true,"showFlares":true,"showImageEffects":true,"showParticleSystems":true,"showVisualEffectGraphs":true,"m_FxEnabled":true},"in2DMode":false,"pivot":{"x":-0.3748639225959778,"y":-0.7430742383003235,"z":0.28111881017684939},"rotation":{"x":-0.4713193476200104,"y":-0.2901531755924225,"z":-0.16040033102035523,"w":0.8178988695144653},"size":0.7527666687965393,"orthographic":false}